{"docstore/metadata": {"98b512a4-0c4d-4cef-8a0b-453bcb9a4ade": {"doc_hash": "b339828e54f0a824028116219579cccfdde5865c03ed6f1a5c7328accf44ed3a"}, "b722b868-0368-4060-bb2d-7ab9228dffe2": {"doc_hash": "937a166d1e28758c123e26dbc3b5e8725d915a1d23f4aba58776be7c231cca1e", "ref_doc_id": "98b512a4-0c4d-4cef-8a0b-453bcb9a4ade"}}, "docstore/ref_doc_info": {"98b512a4-0c4d-4cef-8a0b-453bcb9a4ade": {"node_ids": ["b722b868-0368-4060-bb2d-7ab9228dffe2"], "metadata": {"file_path": "C:\\kd\\ws_java\\team5_v2sbm3c\\team5_react\\src\\ai\\rag\\..\\data\\chatbot_data.txt", "file_name": "chatbot_data.txt", "file_type": "text/plain", "file_size": 859, "creation_date": "2025-07-17", "last_modified_date": "2025-07-18"}}}, "docstore/data": {"b722b868-0368-4060-bb2d-7ab9228dffe2": {"__data__": {"id_": "b722b868-0368-4060-bb2d-7ab9228dffe2", "embedding": null, "metadata": {"file_path": "C:\\kd\\ws_java\\team5_v2sbm3c\\team5_react\\src\\ai\\rag\\..\\data\\chatbot_data.txt", "file_name": "chatbot_data.txt", "file_type": "text/plain", "file_size": 859, "creation_date": "2025-07-17", "last_modified_date": "2025-07-18"}, "excluded_embed_metadata_keys": ["file_name", "file_type", "file_size", "creation_date", "last_modified_date", "last_accessed_date"], "excluded_llm_metadata_keys": ["file_name", "file_type", "file_size", "creation_date", "last_modified_date", "last_accessed_date"], "relationships": {"1": {"node_id": "98b512a4-0c4d-4cef-8a0b-453bcb9a4ade", "node_type": "4", "metadata": {"file_path": "C:\\kd\\ws_java\\team5_v2sbm3c\\team5_react\\src\\ai\\rag\\..\\data\\chatbot_data.txt", "file_name": "chatbot_data.txt", "file_type": "text/plain", "file_size": 859, "creation_date": "2025-07-17", "last_modified_date": "2025-07-18"}, "hash": "b339828e54f0a824028116219579cccfdde5865c03ed6f1a5c7328accf44ed3a", "class_name": "RelatedNodeInfo"}}, "metadata_template": "{key}: {value}", "metadata_separator": "\n", "text": "### \uc9c8\ubb38: \ubd84\uc57c\ubcc4\ub85c \uc804\ubb38\uac00\ub97c \uc5b4\ub5bb\uac8c \ucc3e\uc544\uc694?\r\n\ub2f5\ubcc0: \uba54\uc778 \ud654\uba74 \uc67c\ucabd \uce74\ud14c\uace0\ub9ac\ub098 \uc0c1\ub2e8 \uac80\uc0c9\ucc3d\uc5d0\uc11c \uc6d0\ud558\ub294 \ubd84\uc57c\ub97c \uc27d\uac8c \ucc3e\uc73c\uc2e4 \uc218 \uc788\uc5b4\uc694.\r\n\r\n### \uc9c8\ubb38: \uacac\uc801\uc740 \uc5b4\ub5bb\uac8c \uc694\uccad\ud558\uba74 \ub3fc\uc694?\r\n\ub2f5\ubcc0: \ub9c8\uc74c\uc5d0 \ub4dc\ub294 \uc804\ubb38\uac00\uc758 \uac8c\uc2dc\ubb3c\uc5d0 \ub4e4\uc5b4\uac00\uc11c [\ucc44\ud305\ud558\uae30]\ub85c \ubc14\ub85c \uacac\uc801 \uc694\uccad\ud558\uc2dc\uba74 \ub3fc\uc694!\r\n\r\n### \uc9c8\ubb38: \uacac\uc801 \uc694\uccad\ud558\uba74 \ub3c8 \ub4e4\uc5b4\uc694?\r\n\ub2f5\ubcc0: \uc544\ub2c8\uc694! \ucc44\ud305\uc73c\ub85c \uacac\uc801\uc740 \uc5b8\uc81c\ub4e0 \ubb34\ub8cc\ub85c \ubc1b\uc544\ubcf4\uc2e4 \uc218 \uc788\uc5b4\uc694.\r\n\r\n### \uc9c8\ubb38: \uc804\ubb38\uac00 \ub9ac\ubdf0\ub294 \uc5b4\ub514\uc11c \ubcfc \uc218 \uc788\ub098\uc694?\r\n\ub2f5\ubcc0: \uac8c\uc2dc\ubb3c \uc0c1\uc138\ud398\uc774\uc9c0\uc5d0\uc11c \ud574\ub2f9 \uc804\ubb38\uac00\uc758 \ub9ac\ubdf0\ub97c \ud655\uc778\ud560 \uc218 \uc788\uc2b5\ub2c8\ub2e4.\r\n\r\n### \uc9c8\ubb38: \uc804\ubb38\uac00 \ud504\ub85c\ud544\uc740 \uc5b4\ub5bb\uac8c \ub4f1\ub85d\ud574\uc694?\r\n\ub2f5\ubcc0: \ub85c\uadf8\uc778 \ud6c4 \uc624\ub978\ucabd \uc0c1\ub2e8 [\ub9c8\uc774\ud398\uc774\uc9c0] \u2192 [\ud504\ub85c\ud544 \ubcf4\uae30] \u2192 [\uc815\ubcf4 \uc218\uc815]\uc5d0\uc11c \ub4f1\ub85d\ud558\uc2e4 \uc218 \uc788\uc5b4\uc694.", "mimetype": "text/plain", "start_char_idx": 0, "end_char_idx": 385, "metadata_seperator": "\n", "text_template": "{metadata_str}\n\n{content}", "class_name": "TextNode"}, "__type__": "1"}}}